,Target,Accuracy (%)
0,RICE YIELD (Kg per ha),92.44180055314412
1,WHEAT YIELD (Kg per ha),93.35999908086464
2,KHARIF SORGHUM YIELD (Kg per ha),89.84286951844591
3,RABI SORGHUM YIELD (Kg per ha),78.97137401106394
4,SORGHUM YIELD (Kg per ha),86.56668972698924
5,PEARL MILLET YIELD (Kg per ha),85.87226566623747
6,MAIZE YIELD (Kg per ha),84.19040220228425
7,FINGER MILLET YIELD (Kg per ha),90.13946339064516
8,BARLEY YIELD (Kg per ha),88.22056852182033
9,CHICKPEA YIELD (Kg per ha),84.47878768429943
10,PIGEONPEA YIELD (Kg per ha),86.09691844830022
11,MINOR PULSES YIELD (Kg per ha),72.73647129814239
12,GROUNDNUT YIELD (Kg per ha),83.6633631857735
13,SESAMUM YIELD (Kg per ha),76.39027233608073
14,RAPESEED AND MUSTARD YIELD (Kg per ha),83.91813920211305
15,SAFFLOWER YIELD (Kg per ha),74.77748041362283
16,CASTOR YIELD (Kg per ha),89.95526455302019
17,LINSEED YIELD (Kg per ha),89.53834312757647
18,SUNFLOWER YIELD (Kg per ha),89.42207791510124
19,SOYABEAN YIELD (Kg per ha),91.23673581959258
20,OILSEEDS YIELD (Kg per ha),85.08885229542066
21,SUGARCANE YIELD (Kg per ha),90.03928252758419
22,COTTON YIELD (Kg per ha),82.09431985507997
